"CODE","ALT"
1,"alinson"
1,"allinson"
1,"allinsons"
1,"allison"
2,"ALPENCRUNCHY"
2,"ALPENLOWFAT"
2,"ALPIN"
2,"ALPINENOSUGAR"
2,"APLINE"
2,"alpen"
3,"occasionallyasda"
3,"ASDAEXTRAFRUIT"
3,"ASDAGOODFORYOU"
3,"ASDAHEALTHYLIVING"
3,"ASDAORGANIC"
3,"ASDAOWNLOWFAT"
3,"ASDASMARTPRICE"
3,"asd"
3,"asda"
3,"asda3timesaweek"
3,"asdacereal"
3,"asdafarmstore"
3,"asdahealthyeating"
3,"asdanoaddedsugar"
3,"asdaownmake"
3,"asdaswissstyle"
3,"asdfarmsstores"
3,"asta"
4,"beemax"
4,"bemax"
5,"birds"
5,"birdseye"
6,"budgen"
6,"budgens"
6,"budgensbrand"
6,"budgensbreakfastclub"
6,"budgeons"
7,"branfair"
7,"branfare"
8,"cerealpartnersuk"
9,"cheerios"
10,"cheshireluxury"
10,"cheshirewholefood"
10,"cheshirewholefoods"
11,"COOPNOSUGAR"
11,"COOPOWNMAKE"
11,"FROMACOOPERATIVE"
11,"cocp"
11,"coop"
11,"coopltd"
11,"scoopownbrand"
11,"storesowncoopsains"
13,"FAIRTRADE"
13,"fairtrading"
14,"familia"
15,"familychoice"
16,"farmhouse"
17,"force"
18,"TESCOMALTWHEAT"
18,"gateway"
18,"gateways"
19,"GRENOLA"
19,"MIDFIELDSGRANOLA"
19,"granola"
20,"grannose"
20,"granose"
21,"happyshopper"
22,"harisons"
22,"harrisons"
23,"ARJUNASOWN"
23,"ARJUNIA"
23,"BUMBLEBEELOCALHEALTHF"
23,"BUMBLEBEEORGANIC"
23,"BUMBLEBEEORGANICFOODSH"
23,"BUMBLEBEESHOPS"
23,"BUMBLEE"
23,"FROMHEALTHFOODSTORE"
23,"HEALTHFOODSHOPBUMBELBE"
23,"JULIANGRAVES"
23,"LOCALSUPPLIERBUMBLEBEE"
23,"NELSYARD"
23,"WHOLEGRAINOWNBRANDFROMHEALTHFOODSTORE"
23,"arjunaiewholefood"
23,"arjunawholefoodown"
23,"arjunawholefoodstore"
23,"healthstore"
23,"healthstoreorwayland"
23,"healthstoreslocal"
23,"hollandbarret"
23,"hollandbarretts"
23,"hollbarr"
23,"localhalthfoodstore"
23,"localhealthfoodmix"
23,"localhealthfoodstore"
23,"localwholefoodshops"
23,"wholesalehealthstore"
23,"wymondhamhealthfood"
24,"ownbrandhealthfoodshop"
24,"rainbowalmondand"
24,"rainbowfoodshealthfood"
24,"rainbowfoodsown"
24,"rainbowhazelmalt"
24,"rainbowhealth"
24,"rainbowhealthfoods"
24,"rainbowownbrand"
24,"rainbowsown"
24,"rainbowsuperbowl"
24,"rainbowwholefoodorganic"
24,"rainbowwholefoodsltd"
24,"ARJUNAHEALTHFOODSHOP"
24,"ARJUNAS"
24,"HEALTHFOODSHOPBASEFR"
24,"HEALTHFOODSHOPONES"
24,"HEALTHFOODSHOPSOWNMA"
24,"HEALTHSHOPBRAND"
24,"HEALTHSHOPOWN"
24,"HEALTHSHOPOWNLABEL"
24,"HOLLANDANDBARRETTS"
24,"HOLLANDBARRAT"
24,"HOLLANDBARRETS"
24,"HOLLANDBARRETTWHEATF"
24,"disswholefoodstores"
24,"hbglutenfree"
24,"hbnaturesharvest"
24,"healthfoodmix"
24,"healthfoodshopspecial"
24,"healthfoodstoresown"
24,"healthshopmixed"
24,"healthshoporganic"
24,"healthshopownbrand"
24,"healthshopsownmixture"
24,"heatlhshop"
24,"helathshopown"
24,"localhealthshopown"
24,"localhealthshopproduce"
24,"localhealthshopsblend"
24,"localhealthshopsown"
24,"localhealthspa"
24,"locallymadeunsweetened"
24,"localshopmixture"
24,"madeupinhealthshop"
24,"mixbyrainbowwholefoods"
24,"unbrandedhealthfoodshop"
24,"villagehealthshop"
25,"hollymill"
26,"ICELANDITHINK"
26,"ICELANDSOWN"
26,"iceland"
26,"icelandwholemeal"
26,"icelandwholewheat"
27,"JARDONS"
27,"JORDANORGANICSWISSSTYL"
27,"JORDANSCRUNCYOAT"
27,"JORDANSGLUTENFREE"
27,"JORDANSLUX"
27,"JORDANSNOSUGARORSALT"
27,"JORDANSNUTRAISIN"
27,"JORDANSORGANICGRUNCH"
27,"JORDANSSPECIALFRUIT"
27,"JORDANSWHEATGERM"
27,"JORDEN"
27,"JORDENS"
27,"JORDON"
27,"JORDONSCRUNCH"
27,"JORDONSORGANIC"
27,"JORDONSORGANICCRUNCH"
27,"JORDONSORIGINAL"
27,"JORDOWN"
27,"JORNDAN"
27,"ORGANICJORDANS"
27,"joprdans"
27,"jordadns"
27,"jordand"
27,"jordans"
27,"jordanscountry"
27,"jordanscrunchyoat"
27,"jordansluxury"
27,"jordansnoaddedsalt"
27,"jordansoriginal"
27,"jordanss"
27,"jordanswithstrawberries"
27,"mixedincjordans"
27,"vordans"
28,"occasionallykelloggs"
28,"BRANFLAKESKELLOGS"
28,"JGKELLOGGS"
28,"KALLOGGS"
28,"KALOGES"
28,"KELGOGGS"
28,"KELLLGGS"
28,"KELLOGE"
28,"KELLOGGSBRANDS"
28,"KELLOGGSSHRL"
28,"KELLOGGSWEIGHTLOSS"
28,"KELLOGHS"
28,"KELLOGSHONEYNUT"
28,"KELLOGSLOWFAT"
28,"KELLOGSORSIMILAR"
28,"KELLOGSS"
28,"KELLOGTGS"
28,"KELLOGYS"
28,"KELLOPG"
28,"KELLOS"
28,"KELOGES"
28,"KOLLOGGS"
28,"KOLLOGS"
28,"aboutonceaweekkellogs"
28,"eklloggs"
28,"felloggs"
28,"kellgos"
28,"kellloggs"
28,"kellods"
28,"kellofs"
28,"kellog"
28,"kelloga"
28,"kellogg"
28,"kelloggs"
28,"kelloggs2daysweek"
28,"kelloggsassortedpacks"
28,"kelloggsbran"
28,"kelloggsbrand"
28,"kelloggsbreakfastclub"
28,"kelloggscommomsense"
28,"kelloggshalfservingsze"
28,"kelloggshealth"
28,"kelloggsorganic"
28,"kelloggsselectionpacks"
28,"kelloggssometimes"
28,"kelloggssummermonths"
28,"kellogs"
28,"kellogs2or3perweek"
28,"kellogsgs"
28,"kellogshealthw"
28,"kellogskberries"
28,"kellogssains"
28,"kellohgs"
28,"kellopgs"
28,"keloggs"
28,"kelogs"
28,"keolloggs"
28,"kwlloggs"
28,"lelloggs"
28,"sometimeskelloggs"
28,"weekendskelloggs"
29,"braftjacobsuchami5"
29,"kraft"
29,"kraftfoods"
29,"kraftjacobssuehardltd"
29,"trarderaft"
30,"londis"
30,"londishealthfoodshop"
30,"londisownmix"
31,"lyons"
32,"m&s"
32,"markandspencer"
32,"marks&spencer"
33,"mapletons"
34,"marshalls"
34,"marshallsryecroftfoods"
34,"marshals"
35,"morflake"
35,"morlake"
36,"nornflake"
36,"MORNFLAK"
36,"MORNFLAKEORGANIC"
36,"MORNFLAKEWALNUTMAPLE"
36,"MORUFLAKE"
36,"MORUFLAKEORGANIC"
36,"mornflakehawaiian"
36,"mornflakes"
36,"mornflakes5"
36,"mornflakesorganic"
36,"mornflakessuperfast"
37,"nabisico"
37,"nabiso"
37,"nabisvo"
37,"HABISCO"
37,"NABISEO"
37,"NIBISCO"
37,"NIBSCO"
37,"nabisco"
37,"nabiscoduringsummer"
38,"neastle"
38,"neatle"
38,"neatles"
38,"nesllte"
38,"neslte"
38,"nesltes"
38,"nestle"
38,"nestlebitesize"
38,"nestlebitesized"
38,"nestleix"
38,"nestles"
38,"nestlevaritypack"
38,"nestlewholegrain"
38,"netlte"
38,"netsle"
38,"newstle"
38,"nowfor3monthsnestle"
38,"LNESTLE"
38,"NESELS"
38,"NESILES"
38,"NESTLEOR"
38,"NESTLEQUAKEROATS"
38,"NNESTLES"
38,"brandnestle"
38,"mestle"
38,"wasfor9monthsnestle"
39,"nisa"
39,"nisabreakfastclub"
39,"nisasugarfree"
40,"pearceduf"
40,"pearceduff"
40,"pearseduf"
40,"pearseduff"
41,"prewets"
41,"prewetts"
41,"prewits"
42,"quackr"
42,"quaker"
42,"quakers"
42,"quker"
42,"Q"
42,"wuakers"
43,"safe"
43,"safeway"
43,"safewaydeluxe"
43,"safewayluxury"
43,"safewayownbrand"
43,"safewayreducedfat"
43,"safeways"
43,"safewaysunsweetened"
44,"sainbsurys"
44,"sainbury"
44,"sainburys"
44,"sainsbalance"
44,"sainsbirys"
44,"sainsbury"
44,"sainsburyecono"
44,"sainsburyorigianl"
44,"sainsburyownbrand"
44,"sainsburys"
44,"sainsburysbitesize"
44,"sainsburysbrand"
44,"sainsburyscottish"
44,"sainsburyshealthy"
44,"sainsburysluxury50"
44,"sainsburysnatural"
44,"sainsburysnosugarsalt"
44,"sainsburysownbrand"
44,"sainsburysownmake"
44,"sainsburysswissstyle"
44,"sainsburysunsweetened"
44,"sainsburysuxury"
44,"sainsburyus"
44,"sainslowfat"
44,"sainsluxury"
44,"sainsurys"
44,"sainswithaddedfruit"
44,"saisbury"
44,"saisburys"
44,"saisnburyscrunchy"
44,"saisnburysdeluxe"
44,"saisnburyseconomy"
44,"saisnburysoriginal"
44,"saisnburysownbrand"
44,"BEGOODTOYOURSELF"
44,"FROMCOELIACSECTIONSAINSBURYSNO"
44,"JSAINSBURY"
44,"JSAINSBURYS"
44,"ORGANICSAINBURYS"
44,"ORGANICSAINSBURYS"
44,"SAINBSBURY"
44,"SAINBURYSBEGOODTOYOUR"
44,"SAINDSBURYS"
44,"SAINSBURGH"
44,"SAINSBURGY"
44,"SAINSBURYORGANIC"
44,"SAINSBURYS""BEGOODTOYO"
44,"SAINSBURYSBASIC"
44,"SAINSBURYSGOOD4U"
44,"SAINSBURYSORGANICALLYPR"
44,"SAINSBURYSSWISS"
44,"SAINSBURYYS"
44,"SAISBURYSOWNBRAND"
44,"SANBURYS"
44,"SORGANIC"
44,"sanisbury"
44,"sanisburys"
44,"saunsburys"
44,"wdaysonlysains"
45,"SCOT"
45,"SCOTTSOLDFASHIONED"
45,"SCOTTSORSHOPBRAND"
45,"SLOTTS"
45,"scots"
45,"scotts"
45,"scottsalue"
45,"scptts"
46,"somerville"
46,"sommerville"
47,"occasionallysomerfield"
47,"HEALTHYCHOICESOMERFIELD"
47,"SOMERFIELDREDUCEDSUGAR"
47,"SUMERFIELD"
47,"comerfield"
47,"soemrefields"
47,"soemrfield"
47,"soemrfieldownbrand"
47,"soemrfields"
47,"somerfeldheathlyselect"
47,"somerffield"
47,"somerfield"
47,"somerfieldcrunchynut"
47,"somerfieldhealthselect"
47,"somerfieldhealthyeating"
47,"somerfieldhealthyselec"
47,"somerfieldhoneydew"
47,"somerfieldluxury"
47,"somerfieldsbrand"
47,"somerfieldsometimes"
47,"somerfiledhealthyoption"
47,"sommerfield"
47,"sommerfieldsownbrand"
47,"summerfield"
47,"summerfieldbasic"
47,"summerfieldownbrand"
48,"spar"
49,"sunvalley"
50,"sunblast"
50,"sunbless"
50,"sunblest"
50,"sunblestswissstyle"
51,"sunnyjim"
52,"HEALTHYEASTINGTESCO"
52,"NONAMETESCOBRAND"
52,"NOSUGARNOSALTTESCO"
52,"TESCODRIED"
52,"TESCOFINEST"
52,"TESCOFRUITY"
52,"TESCOHE"
52,"TESCOHEALTHEATING"
52,"TESCOHEALTHYLIVING"
52,"TESCOHEALTHYLIVINGORVALUE"
52,"TESCOHOMEBRAND"
52,"TESCOLIGHTER"
52,"TESCOLOWSUGAR"
52,"TESCOLOWSUGARSALT"
52,"TESCOLUXURYMUESLI"
52,"TESCOMIX"
52,"TESCON"
52,"TESCONOADDEDSUGARORSALT"
52,"TESCONOSUGAR"
52,"TESCOOWNBRANDVALUEPLAI"
52,"TESCOOWNMAKE"
52,"TESCOPO"
52,"TESCOSCOTTISH"
52,"TESCOSHEALTHYLIVING"
52,"TESCOSSWISS"
52,"TESCOSWISSNOADDEDSUG"
52,"TESCOSWISSSTYLENOSALTSUGARHEALTHY"
52,"TESCOSWISSSTYLESUGARF"
52,"TESCOSWISSSTYLESUGARFR"
52,"TESCOVARIOUS"
52,"TESCOWHATEVER"
52,"TESCOWHOLEFOOD"
52,"TESCOWHOLEMEAL"
52,"USUALLYTESCO"
52,"healthyeatingtesco"
52,"inthesummertesco"
52,"sometimestescos"
52,"tesc"
52,"tesci"
52,"tesco"
52,"tescoaddeditemmix"
52,"tescoaddeditemsmix"
52,"tescoadvantage"
52,"tescobasic"
52,"tescobrand"
52,"tescobreakfastcereal"
52,"tescocrunchy"
52,"tescodeluxe"
52,"tescohealthye"
52,"tescohealthyeating"
52,"tescoheating"
52,"tescohomemade"
52,"tescolowsaltsugar"
52,"tescolux"
52,"tescoluxury"
52,"tescoluxuryfruit"
52,"tescomainly"
52,"tescomake"
52,"tescoms"
52,"tesconoaddedsugar"
52,"tesconosugarorsalt"
52,"tesconosugraorsalt"
52,"tescooatcereal"
52,"tescoorganic"
52,"tescoown"
52,"tescoownbrand"
52,"tescoownlabel"
52,"tescopremium"
52,"tescoregularwithout"
52,"tescos"
52,"tescosbrand"
52,"tescosdeluxe"
52,"tescoshealthlyeating"
52,"tescoshealthyeating"
52,"tescosluxury"
52,"tescosob"
52,"tescosorgnic"
52,"tescosown"
52,"tescosownbrand"
52,"tescosowneconomy"
52,"tescosownmake"
52,"tescosugarfree"
52,"tescosvalue"
52,"tescosvaluepack"
52,"tescosweetened"
52,"tescoswiss"
52,"tescoswissdeluxe"
52,"tescoswissstylehe"
52,"tescoswissstylereduced"
52,"tescotinned"
52,"tescotrational"
52,"tescounsweetened"
52,"tescovalue"
52,"tescovaluepack"
52,"tescps"
52,"teso"
52,"tewco"
52,"yesco"
52,"ytesco"
53,"tradecraft"
53,"traidcraft"
53,"trraidcraft"
54,"waynsave"
54,"weighnsave"
54,"weightandsave"
56,"whitworths"
57,"WHOLEARTH"
57,"WHOLEEARTHFESDS"
57,"WHOLEEARTHFOODS"
57,"WHOLEEARTHORGANICSWISS"
57,"wholeearth"
57,"wholeearthswissstyle"
58,"garboldishamwindmillds"
58,"windmill"
59,"nabisconestle"
59,"nabiscvo"
59,"nabrisco"
59,"narbiscofoods"
59,"naturalcheshire"
59,"naturalfoodstore"
59,"naturalfoodstoresown"
59,"natureschoice"
59,"naturesharvest"
59,"naturespath"
59,"nealsyard"
59,"nealsyardwholefoods"
59,"nebisco"
59,"nesle"
59,"nesles"
59,"nesstle"
59,"nestel"
59,"nestkesasdas"
59,"nestleasda"
59,"nestleasdas"
59,"nestlecerealpartners"
59,"nestlekelloggs"
59,"nestleorkellogs"
59,"nestleownbrand"
59,"nestlesainsburys"
59,"nestlesasdas"
59,"nestlesjordans"
59,"nestlesomerfield"
59,"nestlesorlidlversion"
59,"nestlessafeway"
59,"nestlestescos"
59,"nestlesunblest"
59,"netto"
59,"nettokelloggs"
59,"nettoortesco"
59,"nettoownbrand"
59,"newday"
59,"newmorning"
59,"newmorningfoodcheshire"
59,"newmorningfoodscheshre"
59,"nibasco"
59,"nisasain"
59,"nisasainsburys"
59,"noaddedsaltorsugar"
59,"noaddedsugarorsalt"
59,"nobrandname"
59,"noextrasugar"
59,"nofrills"
59,"noname"
59,"noregbrand"
59,"norflake"
59,"nosugaralpen"
59,"notatbreakfastalpen"
59,"notstated"
59,"notveryoftenbut"
59,"nutsraisinsother"
59,"oatbranmaize"
59,"oatsandraisins"
59,"oatsnutsdriedprunesap"
59,"oatsnutshoneyvegoil"
59,"oatsraisinshoneyalmond"
59,"occasioanllykelloggsor"
59,"occasionally"
59,"occasionallyotherbrands"
59,"occasionaly"
59,"olacys"
59,"oliveoil"
59,"onebiscuit"
59,"onnutsordriedfruit"
59,"onwlabel"
59,"optima"
59,"oranytypeof"
59,"orasda"
59,"organic"
59,"orhealthfoodshopsown"
59,"origianl"
59,"orquaker"
59,"orsafeways"
59,"othersattimes"
59,"ourownbrand"
59,"owenbrand"
59,"ownbran"
59,"ownbrandeconomy"
59,"ownbrandegcoop"
59,"ownbrandegsainsburys"
59,"ownbrandlocalhfdshop"
59,"ownbrands"
59,"ownbrandsainasdamorr"
59,"ownbrandtescoorbudgen"
59,"ownbrandtescosains"
59,"ownlabel"
59,"ownmade"
59,"ownmake"
59,"ownmakefothiatushernia"
59,"ownmix5"
59,"oxfam"
59,"parker"
59,"partnersuk"
59,"pefectbalance"
59,"picapac"
59,"pickmix"
59,"pluadded"
59,"postusbrand"
59,"premitts"
59,"premium"
59,"pumpkinseeds"
59,"qiuaker"
59,"quacker"
59,"quackers"
59,"quakerasdaorsainsburys"
59,"quakercheshire"
59,"quakergrains"
59,"quakerharrisons"
59,"quakerharvest"
59,"quakerjordans"
59,"quakerorsomerfield"
59,"quakerorsomerfields"
59,"quakersafeway"
59,"quakertesco"
59,"quakertescosomerfield"
59,"qualer"
59,"qualker"
59,"quickgoodmorning"
59,"rainbow"
59,"rainbowfoods"
59,"rainbowhealthfoodshop"
59,"rainbowhealthshop"
59,"rainbowhealthstores"
59,"rainbowlocal"
59,"rainboworiginalbowl"
59,"rainbows"
59,"rainbowswholefoodshop"
59,"rainbowwholefood"
59,"rainbowwholefoods"
59,"rainbowwholefoodshop"
59,"rainsbowhealthshohp"
59,"rainsbowhealthshop"
59,"raisinsflakedalmonds"
59,"raisinshoneyandnuts"
59,"rapeseed"
59,"rarely"
59,"regularownbrand"
59,"resco"
59,"riecandwheat"
59,"ryvita"
59,"s"
59,"s8unblest"
59,"sadatesco"
59,"safeswayown"
59,"safewaykelloggs"
59,"safewayormorningflake"
59,"safewaysains"
59,"safewaysainsburys"
59,"safewaysdelane"
59,"safewaysownbrand"
59,"safewayssomerfieldssain"
59,"safewaystescoskelloggs"
59,"safewaytesco"
59,"saimsburys"
59,"sain"
59,"sainkel"
59,"sains"
59,"sainsafeway"
59,"sainsasda"
59,"sainsburs"
59,"sainsburts"
59,"sainsburyalpen"
59,"sainsburyalpine"
59,"sainsburydelux"
59,"sainsburykelloggs"
59,"sainsburykellogs"
59,"sainsburyorasda"
59,"sainsburyorsomerfield"
59,"sainsburyortesco"
59,"sainsburyorweetabix"
59,"sainsburys5"
59,"sainsburysasda"
59,"sainsburyscoop"
59,"sainsburysd"
59,"sainsburysdelux"
59,"sainsburysdeluxe"
59,"sainsburyseconomy"
59,"sainsburyskelloggs"
59,"sainsburysorasda"
59,"sainsburysorjordans"
59,"sainsburysorkelloggs"
59,"sainsburysorkellogs"
59,"sainsburysorms"
59,"sainsburysorsimilar"
59,"sainsburysortesco"
59,"sainsburysorwaitrose"
59,"sainsburysorweetabix"
59,"sainsburysown"
59,"sainsburysrainbow"
59,"sainsburyssomerfield"
59,"sainsburyssomerfields"
59,"sainsburyssugarfree"
59,"sainsburystesco"
59,"sainsburystescoasda"
59,"sainsburystescos"
59,"sainsburyswaitrose"
59,"sainsburytesco"
59,"sainsburytescosfield"
59,"sainseconomy"
59,"sainsjordans"
59,"sainsjordanstesco"
59,"sainskelloggs"
59,"sainskelloggstesco"
59,"sainsnettos"
59,"sainsorasda"
59,"sainsorjordans"
59,"sainsorkellogs"
59,"sainsortesco"
59,"sainsorwaitrose"
59,"sainsown"
59,"sainsownbrand"
59,"sainsquaker"
59,"sainsresco"
59,"sainssomerfield"
59,"sainssurysown"
59,"sainstesco"
59,"sainstescojordans"
59,"sainstescokelloggs"
59,"sainstescosafe"
59,"sainstescosomerfield"
59,"sainsubrystesco"
59,"sainsunsweetenedmuesli"
59,"sainswaitrose"
59,"sainswithbran"
59,"saionsburys"
59,"saisn"
59,"saisnburys"
59,"saisnburysorsomerfield"
59,"saisnburystescos"
59,"sakeway"
59,"""VARIOUSTYPESUSUALLY""""LIGHT"""""""
59,"100PCNATURAL"
59,"100natural"
59,"15yearcereal"
59,"1biscuit"
59,"1figsunflowerseeds"
59,"1one"
59,"1perday"
59,"1portion"
59,"2xbiscuits"
59,"3OLIVE"
59,"5quaker"
59,"7dayevolution"
59,"7nuts1prune1apricot"
59,"95FATFREE"
59,"ABELCOLE"
59,"ALD1"
59,"ALDIFRUITNUT"
59,"ALDIOWNMAKE"
59,"ALDISOWN"
59,"ALFORDMILL"
59,"ALLOS"
59,"ALMONDRAISEN"
59,"ALMONDSPUMPKINSUNFLOW"
59,"ALMONDSSUNFLOWERPUMPK"
59,"ALPA"
59,"ALPENDORSETCEREALS"
59,"ALPENLESSSUGAR"
59,"ALPENQUAKERKELLOGGS"
59,"ALPINNOADDEDSUGAR"
59,"ALPRO"
59,"AMERICANDISH"
59,"AMISA"
59,"ANYBRAN"
59,"ANYLOWSUGAR"
59,"ANYOTHERBRAND"
59,"ANYSUPERMARKET"
59,"APPLEJUICEORGANICYOGH"
59,"ASDANEBISCO"
59,"ASDATESCOS"
59,"ASDATESCOSOWN"
59,"AVARIETYOFBRANDS"
59,"BANANAALLFRUITDRIED"
59,"BANANAORRAISINS"
59,"BEGALORROLL"
59,"BENEFIT"
59,"BENIFIT"
59,"BERRIES"
59,"BERRYBLISS"
59,"BIOBI2ORGANICDOVESFAR"
59,"BIOBIZDOVESFARM"
59,"BIOBIZDOVESFARMORGANI"
59,"BISCUITONEADAY"
59,"BISCUITSX2"
59,"BITESIZED"
59,"BITESIZEORIGINAL"
59,"BIXES"
59,"BLACKBERRIES"
59,"BLACKBERRYAPPLE"
59,"BLENDOFALMONDHAZELNUTT"
59,"BLOCK"
59,"BOILEDWATER"
59,"BOILINGWATER"
59,"BRANAPRICOT"
59,"BRANDVARIES"
59,"BREADCOOPOWNWITHNUTSSEEDS"
59,"BROWNBREAD"
59,"BROWNBREADEGG"
59,"BUMBLEBEE"
59,"BURTONS"
59,"CANADIANHEALTHFOOD"
59,"CANNOTREMEMBER"
59,"CANTREMEMBER"
59,"CEREALWINTER"
59,"CHEAPESTBRAND"
59,"COOPHEALTHYLIVINGSWISS"
59,"COOPKELLOGS"
59,"COOPSAINSBURYS"
59,"CORNNUTSRAISINCLUST"
59,"COUNTRYELYMARKET"
59,"CRUNCHYFROMDAILYBREADSUGARFREE"
59,"DAILYBREADARJUNA"
59,"DAILYBREADCAMBRIDGE"
59,"DAILYBREADMIX"
59,"DAILYBREADORGANIC"
59,"DAILYBREADORTESCONOA"
59,"DAILYBREADOWNBRAND"
59,"DAILYBREADOWNBRANDSPE"
59,"DAILYBREAK"
59,"DAIRYFREE"
59,"DAIRYFREEORGANICWHOLEW"
59,"DAYLESFORD"
59,"DEVONCEREALS"
59,"DO"
59,"DORCETCEREAL"
59,"DORESTCEREALS"
59,"DORSETCEREALSNATURESP"
59,"DORSETCEREALSORGANIC"
59,"DORSETCOUNTRY"
59,"DORSETFARMS"
59,"DORSETLUXURY"
59,"DORSETMIX"
59,"DORSETSCEREALS"
59,"DOVESFARMBIOBI2"
59,"DOVESFARMWHOLEEARTH"
59,"E"
59,"ECONOMYBRAND"
59,"ENVIROKIDS"
59,"ESSENTIALS"
59,"EXTRAVIRGIN"
59,"FARMGROUNDLOCAL"
59,"FIBER"
59,"FLAKEMIXM"
59,"FLAMIAVANSORGANIC"
59,"FLANNIGANS"
59,"FOODDOCTOR"
59,"FORTIFIEDWITHVITIRON"
59,"FRIUTNUT"
59,"FROMALDI"
59,"FROMMARKETSTALL"
59,"FRUITANDNUTINOATWHEA"
59,"FRUITANDNUTS"
59,"FRUITNUTTYPE"
59,"GENERALMILLS"
59,"GLUTENANDWHEATFREE"
59,"GOLDENSYRUP"
59,"GOODFORYOURANGE"
59,"GOODNESSFOODSWHOLESALE"
59,"GOODNESSFULLWHOLESALE"
59,"GOODY"
59,"GROUNDLINSEEDS"
59,"HAMELYS"
59,"HARVESTGOLD"
59,"HARVESTMOON"
59,"HEALTHCARE"
59,"HEALTHFOODSHOPSDELUXE"
59,"HEALTHFOODSHOPSUGARLE"
59,"HEALTHYEARTH"
59,"HEALTHYLIVIN"
59,"HEALTHYLIVING"
59,"HIGHFRUIT"
59,"HOMEMADEGLUTENFREEPU"
59,"HOMEMADEMIX"
59,"HOMEMADEWITHDRIEDFRUIT"
59,"HOMEMAKE"
59,"HOMEMOLE"
59,"HONEYMONSTERFOODS"
59,"HONEYORDINARY"
59,"HOUSEMADECHESHIRE"
59,"HOVIS"
59,"ICELANDSAINSBURYS"
59,"IMAKEMYOWN"
59,"IMAKEMYOWNGLUTENFREE"
59,"INFINITY"
59,"INFINITYFOODS"
59,"INLCUDESFRUITANDNUTS"
59,"INSTANT"
59,"IRISH"
59,"ITSP"
59,"JACOBSIFORGOT"
59,"JORDANALPEN"
59,"JORDANORSUPERMARKET"
59,"JORDANSANDOTHERSQUIT"
59,"JORDANSHOLLANDBARRAT"
59,"JORDANSMORNFLAKE"
59,"JORDANSNESTLES"
59,"JORDANSORHEALTHFOODS"
59,"JORDANSOROWNBRAND"
59,"JORDANSORSAINSBURYS"
59,"JORDANSSAISNBURYS"
59,"JORDANSTESCOS"
59,"KALLOORGANIC"
59,"KASHI"
59,"KASHISEVENGRAINS"
59,"KELLOGGSANDTESCO"
59,"KELLOGGSASDATESCO"
59,"KELLOGGSBUDGENS"
59,"KELLOGGSORANYSUPERMARKETBRAND"
59,"KELLOGGSOREQUIVALENT"
59,"KELLOGGSOWNBRANDSTES"
59,"KELLOGGSSAINSBURYTESCO"
59,"KELLOGGSTESCOMORRISON"
59,"KELLOGSJORDANS"
59,"KELLOGSOROWNBRAND"
59,"KELLOGSORSUPERMKTSOWN"
59,"KELLOGSORTESCOS"
59,"KELLOGSORWAITROSE"
59,"KELLOGSTESCO"
59,"KELLOGSTESCOCOOP"
59,"KELLOGSWAITROSE"
59,"KINGSMILL"
59,"KOSHI"
59,"L"
59,"LIDLSGOLDENBOY"
59,"LIDLSOWNBRAND"
59,"LIDYLS"
59,"LINSEEDGOLD"
59,"LINSEEDS"
59,"LIOL"
59,"LOCALDELI"
59,"LOCALLYMADE"
59,"LOCALSHOPNOBRAND"
59,"LOCALSHOPSOWN"
59,"LOCALSUPERMARKET"
59,"LOCALSUPPLIER"
59,"LOWGLDIET"
59,"LOWSUGAR"
59,"LUINA"
59,"MADEBYHEALTHCLUBINCLUDESDATESOATSRAI"
59,"MAINSUPERMARKETS"
59,"MAIZEMEAL"
59,"MAIZEX6WK"
59,"MAKEOWNMIX"
59,"MAKEUPMYOWN"
59,"MALTED"
59,"MEALSTORESOWN"
59,"MEDITERRANEANBREAKFAST"
59,"MESASUNRISEORGANIC"
59,"MESCI"
59,"MIDFIELDS"
59,"MILLETSFARM"
59,"MINI"
59,"MISC"
59,"MIXEDFROMAR"
59,"MOORCROFTGOLD"
59,"MORRIOSONSOWN"
59,"MORRISONOWN"
59,"MORRISONSORTESCOSOWN"
59,"MORRISONSOWN"
59,"MORRISONSOWNNOSUGAR"
59,"MORRISONSSOMERFIELD"
59,"MORRISONSTESCO"
59,"MOSTMAKESBU"
59,"MSSCOTTS"
59,"MULTIBRANDS"
59,"MYOWNMAKE"
59,"MYOWNMIX"
59,"NABISCOKELLOGS"
59,"NABISCOTESCO"
59,"NATURALDAYS"
59,"NATURALNOADDEDSUGAR"
59,"NATURALOGANIC"
59,"NATURESPLAN"
59,"NATURIESPATH"
59,"NEALSYARDHOLLANDBARR"
59,"NEALSYARDORGANIC"
59,"NESSA"
59,"NESTLEKELLOGS"
59,"NESTLESSAINSBURYSSAFEWA"
59,"NESTLYTESCO"
59,"NO"
59,"NOADDEDSALTNOADDEDS"
59,"NOADDEDSALTSUGAR"
59,"NOADDEDSUGA"
59,"NOBRANDDAILYBREAD"
59,"NOCEREALS"
59,"NOMILKIUSEJUICE"
59,"NONBRANDON"
59,"NONE"
59,"NONEINPARTICULAR"
59,"NONSPECIFIC"
59,"NOOTHER"
59,"NOREFERENCE"
59,"NORMAL"
59,"NORTHERNEDGEINTERNATION"
59,"NOSUGARNOSALTUSUALLY"
59,"NOSUGARORSALTLOTSOFDRIEDFRUI"
59,"NOTABRAND"
59,"NOTESURE"
59,"NOTPARTICULAR"
59,"NOTSUPERMARKETBRAND"
59,"NOTSURE"
59,"NUTMIX"
59,"NUTRICHEF"
59,"NUTSSEEDS"
59,"OATRICE"
59,"OCASSIONALLY"
59,"OFLANAHANS"
59,"OLIVE"
59,"ORGANICFROMDAILYBREAD"
59,"ORGANICMILK"
59,"ORGANICNOSALTSUGAR"
59,"ORGANICNOTSUGARY"
59,"ORGANICSHOPSBRAND"
59,"ORGANICSUGARFREE"
59,"ORGANICSWISSSTYLE"
59,"ORGANICWHOLEEARTH"
59,"ORGANICYOGHURTNUTSAND"
59,"OTHERBRAND"
59,"OTUITA"
59,"OWNBRANDMORRISONSTES"
59,"OWNBRANDSKELLOGS"
59,"OWNBRANDTESCOADDEDS"
59,"OWNBRANDTESCOASDA"
59,"OWNBRANDTESCOSKELLO"
59,"OWNFROMHEALTHFOODSHOP"
59,"OWNMIXOFVARIOUSBRANDS"
59,"OWNMIXTIMEBASEDON"
59,"OWNMIXTURENOBRAND"
59,"OWNSMARKET"
59,"OXFORDWHOLEFOODS"
59,"PANINIES"
59,"PARADISE"
59,"PEACHAPRICOT"
59,"PENTWOODORGANIC"
59,"PEPPERONIBOILEDEGGSOLIVESJAM"
59,"PEPPERONICH"
59,"PERTWEES"
59,"PERTWOOD"
59,"PERTWOODFARM"
59,"PERTWOODFARMORGANIC"
59,"PERTWOODORGANIC"
59,"PERTWOODORGANICWHEATFR"
59,"PERTWOODSORGANIC"
59,"PERWOODFARMORGANIC"
59,"PLANETORGANIC"
59,"PLANETORGANICFRESHWI"
59,"PLANETORGANICORWAITROS"
59,"PORETCEREALS"
59,"POST"
59,"PURENA"
59,"PURTONWOOD"
59,"QAKERKELLOGGS"
59,"QUAKERORSCOTS"
59,"QUAKERORSCOTTS"
59,"QUAKERSCOTTS"
59,"RAISIN"
59,"REDBCORY"
59,"REGULAR"
59,"RIVITAL"
59,"RUDEHEALTH"
59,"SAFEWAYSALPEN"
59,"SAFEWAYSMORRISONS"
59,"SAFEWAYSOMERFIELDSUPE"
59,"SAINBURYSTESCOORCOOP"
59,"SAINSBURYORKELLOGS"
59,"SAINSBURYSANDMORRISSONS"
59,"SAINSBURYSKELLOGS"
59,"SAINSBURYSORTESCOOWNBR"
59,"SAINSBURYSORTESCOS"
59,"SAINSBURYSSAFEWAY"
59,"SAINSBURYSSAFEWAYS"
59,"SAINSBURYSWAITROSEKELLO"
59,"SAINSBURYWAITROSE"
59,"SAME"
59,"SANSBURYSSAFEWAY"
59,"SCOTSSAINSBURYS"
59,"SCOTTSORJORDANS"
59,"SEEDS"
59,"SEEDSNUTSFRUIT"
59,"SEEDSOFCHANGE"
59,"SELFPREPARED"
59,"SESAME"
59,"SEVERALBRANDSUSED"
59,"SHOP"
59,"SHOPBRANORWHATSONOFF"
59,"SHOPSBRAND"
59,"SHOPSOWNBRANDTESCO"
59,"SIMILARTOABOVE"
59,"SLOWCOOKING"
59,"SMARKETOWNBRAND"
59,"SOAKEDINORGANICAPPLEJ"
59,"SODA"
59,"SOGOOD"
59,"SOUTHERNALPS"
59,"SPEDDICOOK"
59,"SPOFF"
59,"STORE"
59,"STORESBRANDS"
59,"STORSOWN"
59,"STRAWBERRYCHOCOLATE"
59,"STRAWBERRYCRANBERRYA"
59,"SUGARFREEHOMEMADE"
59,"SUGARFREELIGHT"
59,"SUMA"
59,"SUMAWHOLEEARTH"
59,"SUNRISE"
59,"SUPERMAKETOWNBRAND"
59,"SUPERMAKETOWNTESCOS"
59,"SUPERMAKETSOWN"
59,"SUPERMARKEDOWNBRAND"
59,"SUPERMARKETANY"
59,"SUPERMARKETBRANDORKELL"
59,"SUPERMARKETOB"
59,"SWISSNOSUGAR"
59,"SWISSTESCO"
59,"SYRUP"
59,"TESCOALDI"
59,"TESCOANDVARIOUS"
59,"TESCOASDAMORRISONS"
59,"TESCOASDAOWNBRANDETC"
59,"TESCOORALPEN"
59,"TESCOORJORDANS"
59,"TESCOORKELLLOGS"
59,"TESCOORNAMEDBRAND"
59,"TESCOOWNBRANDSUGARF"
59,"TESCOSAINBURYS"
59,"TESCOSAINSBURYSOMERFIELD"
59,"TESCOSCOTTS"
59,"TESCOSORASDA"
59,"TESCOSORWAITROSE"
59,"TESCOSOWNANDJORDANS"
59,"TESCOSWEIGHTWATCHERS"
59,"THICK"
59,"TOASTYOATSFRUIT"
59,"TROPICALORIGINAL"
59,"USUALLY1FRESHORANGE"
59,"USUALLYEATFRIUT"
59,"USUALLYSUPERMAKTOWN"
59,"VARIESCHOSECHEAPEST"
59,"VARIOIUS"
59,"VARIOUSQUAKEROATS"
59,"VARIOUSRANGE"
59,"VARIOUSTYPESUSUALLYLIGHT"
59,"VARIOUSWITHNOADDEDSUG"
59,"VARYINGCURRENTLYTESCO"
59,"VERYLARGE"
59,"VOGEL"
59,"WAITROSECOOP"
59,"WAITROSECORGANIC"
59,"WAITROSEFRUIT"
59,"WAITROSEHOMEBRAND"
59,"WAITROSEJORDANS"
59,"WAITROSEMIXEDWITHNUTS"
59,"WAITROSENOSALTSUGAR"
59,"WAITROSEOGANIC"
59,"WAITROSEONLY"
59,"WAITROSEORALPEN"
59,"WAITROSEORCHARDFRUITS"
59,"WAITROSEORGANIC"
59,"WAITROSEORKELLOGGS"
59,"WAITROSEORLIDL"
59,"WAITROSES"
59,"WAITROSESAINSBURYS"
59,"WAITROSESAINSBURYSWHO"
59,"WAITROSESCOTTS"
59,"WAITROSETROPICAL"
59,"WAITROSETROPICALFRUIT"
59,"WATROSE"
59,"WEETABIXALBRAND"
59,"WEETABIXKELLOGG"
59,"WEETABIXLTDBURTONLATIM"
59,"WEETABIXNESTLE"
59,"WEETABIXOROWNBAND"
59,"WEETABIXOROWNBRAND"
59,"WEETABIXWEETAOATS"
59,"WEIGHTWATCHERSHEALTHYB"
59,"WELLKNOWNBUTFORGOTBLUEBAG"
59,"WHARBURTONS"
59,"WHITES"
59,"WHOLEEARTHDOVESFARM"
59,"WHOLEFOODCOOPINCAMBRIDGE"
59,"WHOLEFOODSHO"
59,"WHOLEFOODSHOPARJUNA"
59,"WITHBERRIES"
59,"WITHRAISINS"
59,"WITHREDBERRIES"
59,"WMARTIN"
59,"WMIXEDNUTSDRIEDFRUITETC"
59,"YOGHURTANDNUTSANDSEED"
59,"YOGHURTNUTSANDSEEDSO"
59,"acfincken"
59,"ada"
59,"adsa"
59,"ainsburys"
59,"alarawholefoods"
59,"aldi"
59,"aldiownbrand"
59,"aldis"
59,"allisons"
59,"allthenamebrands"
59,"alpenetc"
59,"alpenjordans"
59,"alpenlight"
59,"alpenluxury"
59,"alpenorsomerfields"
59,"alpenplustesco"
59,"alpensomerfield"
59,"alpenunsweetened"
59,"andseedsandfruit"
59,"anyavailablebrand"
59,"anybrandfromsainsbury"
59,"anybrandstoresown"
59,"anycheap"
59,"anymake"
59,"anyones"
59,"anyonoffer"
59,"anytimeifiwant"
59,"appleandraisin"
59,"apricotsandbran"
59,"arjuna"
59,"arjunadailybread"
59,"arthurs"
59,"arthurswholefoods"
59,"arthurswholefoodshop"
59,"arturshealthfood"
59,"asda5"
59,"asdaandtesco"
59,"asdabrand"
59,"asdafarmstores"
59,"asdaiceland"
59,"asdakelloggs"
59,"asdakellogs"
59,"asdalikejordans"
59,"asdalydl"
59,"asdaorkelloggs"
59,"asdaorkellogs"
59,"asdaormorrisons"
59,"asdaortesco"
59,"asdaortescobrand"
59,"asdaortescos"
59,"asdaown"
59,"asdaownbrand"
59,"asdasainsburys"
59,"asdasown"
59,"asdastores"
59,"asdastoresltd"
59,"asdatesco"
59,"asdatescosjordans"
59,"asinsburys"
59,"asnack"
59,"assorted"
59,"atnight"
59,"bananaraisins"
59,"bardwells"
59,"belsos"
59,"bemax5"
59,"bigk"
59,"biscuits2"
59,"biscuitsportion"
59,"bixieslidluk"
59,"bockerschefslarder"
59,"boots"
59,"bootsorkellogs"
59,"boughtloosefrommarket"
59,"boxesassortedcereals"
59,"bran5"
59,"brananddates"
59,"brand"
59,"brandates"
59,"branded"
59,"brandorkelloggs"
59,"brank"
59,"breakfastclub"
59,"brown"
59,"budgensown"
59,"bulkhealthstore"
59,"bulkmixatmarketstall"
59,"bulknoname"
59,"bulkpurchase"
59,"butavoidcoconutcontent"
59,"butnotforbreakfast"
59,"cambridgemarket"
59,"carters"
59,"catering"
59,"cearealpartners"
59,"cerealfarm"
59,"cerealfayecornflakes"
59,"cerealfayre"
59,"cerealfayre5"
59,"cerealfayrelidlown"
59,"cerealfayrelidlukgmbh"
59,"cerealfayreluxury"
59,"cerealfayreswiss"
59,"cerealfayreswissstyle"
59,"cerealpartners"
59,"cerealpartnersltd"
59,"cerealpartnersnestle"
59,"cheapownbrands"
59,"checks"
59,"cheshire"
59,"cheshirefoods"
59,"cheshirenatural"
59,"cheshirenaturalfoods"
59,"cheshireorhfoodshop"
59,"cheshirepremier"
59,"cheshirepremium"
59,"cheshirewhitefoodcereal"
59,"chesire"
59,"chester"
59,"club"
59,"coarseground"
59,"collier"
59,"colliers"
59,"colliersforcoop"
59,"colliershealthyoptions"
59,"colliersmornflakes"
59,"colliersnetto"
59,"colliersproducefornett"
59,"collietsnetto"
59,"collins"
59,"collliers"
59,"conrflakesfruit"
59,"coopgoodlife"
59,"coopjordans"
59,"coopkelloggs"
59,"coopkelloggsswayalpen"
59,"cooporwaitrose"
59,"coopown"
59,"coopownbrand"
59,"coopsomefieldownbn"
59,"coopsomerfield"
59,"coopsomerfieldownbn"
59,"coopswissstylemuesli"
59,"cotswold"
59,"countryfare"
59,"countrygold"
59,"countrygoodness"
59,"countryharvestnatfood"
59,"countryhome"
59,"countrylife"
59,"countrymill"
59,"countrymills"
59,"countrymillscoop"
59,"countryside"
59,"countrystyle"
59,"countyfayre"
59,"countymills"
59,"countyrfayre"
59,"coutrymills"
59,"currant"
59,"dafeways"
59,"dailybread"
59,"dailybreadcoop"
59,"datesultanasprune"
59,"deeside"
59,"deesidequaliltyfoods"
59,"deesidequalityfoods"
59,"delicatessantinwydmondh"
59,"dessertspooncoconut"
59,"devonshirewholefoods"
59,"dietrecord"
59,"differentbrands"
59,"differentmakes"
59,"disshealthstore"
59,"dontknow"
59,"dorset"
59,"dorsetbrand"
59,"dorsetcereal"
59,"dorsetcereals"
59,"dorsetfood"
59,"dorsetfoods"
59,"dorsetwholefoods"
59,"dorsetwholrfoods"
59,"dove"
59,"doves"
59,"dovesfarm"
59,"dovesfarmorganic"
59,"dran"
59,"drbananasraisinsdates"
59,"driedapricotbran"
59,"driedaprictossprinkle"
59,"drydrysultanasmixed"
59,"egbudgenssainsburys"
59,"enideyton"
59,"evernat"
59,"exmillormornflake"
59,"farleys"
59,"farleystwo"
59,"farmhores"
59,"farmhousebran"
59,"farmshores"
59,"farmstore"
59,"farmstores"
59,"fellogga"
59,"fincken"
59,"flakebiscuit"
59,"fooddiary"
59,"fournutvariety"
59,"frommarket"
59,"frostiesbranflakes"
59,"fullselection"
59,"garboldishammilk"
59,"gatewaygoodmorning"
59,"gatewaysafeway"
59,"gatewaysgoodmorning"
59,"gatewaytesco"
59,"gatewaywholewheat"
59,"gaucer"
59,"generic"
59,"genuine"
59,"go0odmorninggateway"
59,"goldencracles"
59,"goodearth"
59,"goodlife"
59,"goodlifesomerfield"
59,"goodmans"
59,"goodmorning"
59,"goodmorninggateway"
59,"goodmorningkelloggs"
59,"goodmorningoriginal"
59,"goodmorningotherbrands"
59,"goodmorningquick"
59,"goodmorningsomerfield"
59,"goodmorningwholewheat"
59,"goodnessfoods"
59,"grainsnutsdriedfruit"
59,"greensscoopshop"
59,"gway"
59,"haferflocken"
59,"hanisons"
59,"happyeater"
59,"harrison"
59,"harrisonquaker"
59,"harvest"
59,"harvestfarm"
59,"harvestharvest"
59,"harveyscrunch"
59,"havevariety"
59,"healthfood"
59,"healthfoodshop"
59,"healthfoodshopboots"
59,"healthfoodshophomemade"
59,"healthfoodshopkelloggs"
59,"healthfoodshopnwalsha"
59,"healthfoodshopown"
59,"healthfoodshopownbrand"
59,"healthfoodshopownmix"
59,"healthfoodshopsown"
59,"healthfoodstall"
59,"healthfoodstore"
59,"healthfoodstoreloose"
59,"healthfoodstores"
59,"healthfoodstores5"
59,"healthfoosshop"
59,"healthfoosshopkelloggs"
59,"healthshop"
59,"healthshopmixrainbow"
59,"healthshopownmakemues"
59,"healthshopsown"
59,"healthshopsownbrand"
59,"healthshopsownmix"
59,"healthstore100"
59,"healthstoremix"
59,"healthstoreownbrand"
59,"healthstoreownmake"
59,"healthstores"
59,"healthstoresown"
59,"healthyeating"
59,"heinz"
59,"heinzeweightwatchers"
59,"heinzweightwa"
59,"heinzweightwatchers"
59,"heinzwtwatchersbalance"
59,"heritage"
59,"heron"
59,"hiderfoods"
59,"highinfibrelowinfat"
59,"hollandandbarret"
59,"hollandandbarrett"
59,"hollandbarratt"
59,"hollandbarrett"
59,"homemadefromrainbowbas"
59,"homemadehealthfoodshp"
59,"homemadeorbiological"
59,"homemadesains"
59,"icelands"
59,"imakeupmyownits"
59,"imixmyown"
59,"ingredientsas7day"
59,"iwthraspstrawnuts"
59,"jacksons"
59,"jacobs"
59,"jodanscheshire"
59,"jordan"
59,"jordancereal"
59,"jordansainsburys"
59,"jordansalpen"
59,"jordansandsommerfields"
59,"jordansfourgrains"
59,"jordanskelloggs"
59,"jordansmornflakes"
59,"jordansorsains"
59,"jordansortesco"
59,"jordansorwaitrose"
59,"jordansquaker"
59,"jordanssomerfieldown"
59,"jordeans"
59,"jordons"
59,"jrdans"
59,"jseconomy"
59,"k8elloggs"
59,"k8ellogs"
59,"kallo"
59,"kallofromhealthstore"
59,"kbrand"
59,"keelloggs"
59,"kel"
59,"kelleggs"
59,"kellgosorsainsbury"
59,"kellgossainssomerfield"
59,"kelllogs"
59,"kelloges"
59,"kelloggd"
59,"kellogggs"
59,"kelloggortesco"
59,"kelloggs3"
59,"kelloggs5"
59,"kelloggsasda"
59,"kelloggscoop"
59,"kelloggscoopsomerfield"
59,"kelloggscounntrymills"
59,"kelloggsd"
59,"kelloggsgateway"
59,"kelloggsgoodmorning"
59,"kelloggsjordans"
59,"kelloggsk"
59,"kelloggsmorr"
59,"kelloggsnestle"
59,"kelloggsnestles"
59,"kelloggsnisa"
59,"kelloggsnotoften"
59,"kelloggsorownbrand"
59,"kelloggsorsai"
59,"kelloggsorsains"
59,"kelloggsorsainsburys"
59,"kelloggsorsunblest"
59,"kelloggsortesco"
59,"kelloggsortescoown"
59,"kelloggsortescos"
59,"kelloggsownbrand"
59,"kelloggss"
59,"kelloggssafeway"
59,"kelloggssain"
59,"kelloggssains"
59,"kelloggssainsbury"
59,"kelloggssainsburys"
59,"kelloggssainssomerfield"
59,"kelloggssburys"
59,"kelloggssomerfield"
59,"kelloggssomerfields"
59,"kelloggsstoresown"
59,"kelloggssunblest"
59,"kelloggstesco"
59,"kelloggstescoasda"
59,"kelloggstescos"
59,"kelloggstescosainsburys"
59,"kelloggsvarious"
59,"kelloggswaitrose"
59,"kellogsandsainsbury"
59,"kellogsandtesco"
59,"kellogsasda"
59,"kellogscoop"
59,"kellogskraftgeneralfod"
59,"kellogsmarkandspencer"
59,"kellogsnestle"
59,"kellogsorasda"
59,"kellogsorsafeway"
59,"kellogsorsainsburys"
59,"kellogsorsomerfield"
59,"kellogsortesco"
59,"kellogssainsburys"
59,"kellogssainssomerfield"
59,"kellogssomerfield"
59,"kellogssomerfields"
59,"kellogssupermarketbrand"
59,"kellogtescosomerfied"
59,"kellokks"
59,"kellsafeway"
59,"kelnestle"
59,"kelsain"
59,"kflakes"
59,"kielloggs"
59,"kiwiksaveharvesthome"
59,"kixies"
59,"kjelloggs"
59,"kleeoggs"
59,"kraftgeneralfoods"
59,"kraftgeneralfoodsltd"
59,"kraftjacobs"
59,"kraftjacobssuchard"
59,"kraftjacobsuchard"
59,"kraftmornflake"
59,"krunchies"
59,"kuxurybrand"
59,"kwiksave"
59,"kwiksavenofrill"
59,"l8arge"
59,"labisco"
59,"lees"
59,"liadlsownbrand"
59,"liddl"
59,"liddle"
59,"lidel"
59,"lidlaldistores"
59,"lidlbixies"
59,"lidllittleman"
59,"lidlsluxurycerealfayre"
59,"lidlsnordwaldtaler"
59,"lidlsometimes"
59,"lidluk"
59,"lidlukmarshalls"
59,"littleman"
59,"littlemanliedl"
59,"local"
59,"localhealthfoodshop"
59,"localhealthshop"
59,"localhealthshopexotic"
59,"localhealthstall"
59,"localhealthstore"
59,"localmarket"
59,"localmix"
59,"localshop"
59,"localwholefoodownmix"
59,"localwholefoodshop"
59,"localwholefoodshopor"
59,"localwymondhamnorfolk"
59,"londispackedinstore"
59,"loosefrommarket"
59,"loosefromweighnsave"
59,"loosehealthfoodstore"
59,"looseunlabelled"
59,"loosewayandweigh"
59,"lydells"
59,"m8orning"
59,"mabisco"
59,"mace"
59,"macebrand"
59,"madeup"
59,"madeupbylocalstore"
59,"maidcraft"
59,"makemyownfromweight"
59,"makeownbrand"
59,"malters"
59,"market"
59,"marketbrand"
59,"marketstall"
59,"marksandspencer"
59,"marksandspencerkellogs"
59,"marksandspencers"
59,"markspencers"
59,"marksspencers"
59,"marshall"
59,"maybeonceafortnight"
59,"mayflowerjordans"
59,"mcvities"
59,"millerschoice"
59,"millgroundlocally"
59,"mix"
59,"mixedbrandcocopopsetc"
59,"mixedvarietysmallpack"
59,"mixofeach"
59,"momflakeorganic"
59,"moonflake"
59,"mornflafe"
59,"mornflake"
59,"mornflakemix"
59,"morningflake"
59,"morningfoods"
59,"morningglory"
59,"morntlake"
59,"morrisions"
59,"morrison"
59,"morrisons"
59,"morrisonsorasda"
59,"morrisonsortescos"
59,"morrisonssortescos"
59,"morrisonsspecialrecipe"
59,"morrsions"
59,"mostlyhealthstores"
59,"msorsains"
59,"msorsainsburys"
59,"mssains"
59,"mstesco"
59,"myowen"
59,"myown"
59,"myownmixture"
59,"nabasco"
59,"sanisburyorkellogs"
59,"sauns"
59,"saveorarthurswholefood"
59,"sawboldisham"
59,"sbran"
59,"sbury"
59,"sburys"
59,"sburysdeluxe"
59,"sburysomerfield"
59,"sburysquaker"
59,"sburyssomerfields"
59,"school"
59,"schoolmeal"
59,"scoop"
59,"scoopsave"
59,"scoopweigh"
59,"scoots"
59,"scotch"
59,"scotorquakeroats"
59,"scotsjordansgoodmorn"
59,"scottscoop"
59,"scottsjordansgoodmorn"
59,"scottsmornflake"
59,"scottsoats"
59,"scts"
59,"sdhopbrand"
59,"seedsandflakes"
59,"seedsnuts"
59,"seelistonfile"
59,"seemondaybreakfast"
59,"selection"
59,"selfmade"
59,"selfmake"
59,"selfmixed"
59,"shopbrand"
59,"shopbrands"
59,"shopownbrandprobably"
59,"shopownbrands"
59,"shopownbrandvarious"
59,"shopsownbrand"
59,"shopsownbrandegtesco"
59,"shopsownlabel"
59,"sians"
59,"siansburys"
59,"smallmill"
59,"smarketsown"
59,"somerfeild"
59,"somerfeilds"
59,"somerfieldalpen"
59,"somerfieldbasic"
59,"somerfieldbasicbuy"
59,"somerfieldbasics"
59,"somerfieldgoodmorning"
59,"somerfieldhealthyselect"
59,"somerfieldkelloggs"
59,"somerfieldkwiksave"
59,"somerfieldorjordan"
59,"somerfieldorkelloggs"
59,"somerfieldorsainsburys"
59,"somerfieldortesco"
59,"somerfieldown"
59,"somerfieldownbrand"
59,"somerfieldquicksave"
59,"somerfields"
59,"somerfieldsainsburys"
59,"somerfieldsbasic"
59,"somerfieldsgoodmorning"
59,"somerfieldshselection"
59,"somerfieldskelloggs"
59,"somerfieldsnestle"
59,"somerfieldsorsafeways"
59,"somerfieldsortescos"
59,"somerfieldsown"
59,"somerfieldsownbrand"
59,"somerfieldtesco"
59,"somerfieldtescoasda"
59,"somerfieldtescobasics"
59,"somerfieldtescoluxury"
59,"somerfieldwholewheat"
59,"somerfiled"
59,"sometimesbeforebed"
59,"sometimesforsupper"
59,"sommerfeild"
59,"sommerfields"
59,"sommerfirlds"
59,"sommervillegoodmorning"
59,"sonerfieldkelloggs"
59,"sorts"
59,"srkelloggs"
59,"stbernard"
59,"stbernardsdublin"
59,"stmichael"
59,"stmichaels"
59,"storebrand"
59,"storeowenbrand"
59,"storeown"
59,"storeownbrand"
59,"stores"
59,"storesbrand"
59,"storesown"
59,"storesownbrand"
59,"summer"
59,"summercounty"
59,"summerfields"
59,"summertime"
59,"sumpermarketsownbrand"
59,"sun"
59,"sunblessed"
59,"sunblestcheshire"
59,"sunblesttesco"
59,"sunblst"
59,"suncottage"
59,"sunflower"
59,"sunkist"
59,"superdeluxe"
59,"supermarketbasic"
59,"supermarketbrand"
59,"supermarketbrands"
59,"supermarketequivalent"
59,"supermarketkelloggs"
59,"supermarketlux"
59,"supermarketown"
59,"supermarketownbrand"
59,"supermarketownbrand7"
59,"supermarketsown"
59,"supermarketsownbrand"
59,"supermarketsownbrands"
59,"supermrktownbrand"
59,"superstore"
59,"swau"
59,"sway"
59,"swaycoopsainsjordans"
59,"swedish"
59,"swissvallerystyle"
59,"tcraft"
59,"teabreak"
59,"tecso"
59,"tecsoown"
59,"tescoasda"
59,"tescoasdaetc"
59,"tescoasdasainsburyalpe"
59,"tescoasdsainsburyalpe"
59,"tescocoop"
59,"tescojordanmixed"
59,"tescojordansholland"
59,"tescokelloggs"
59,"tescokellogs"
59,"tescoorasda"
59,"tescoorbudgeons"
59,"tescoorkelloggs"
59,"tescoormornflake"
59,"tescoornestle"
59,"tescoorsafeway"
59,"tescoorsains"
59,"tescoorsainsburys"
59,"tescoorsomerfield"
59,"tescoorsomerfields"
59,"tescoorwheetabix"
59,"tescoquaker"
59,"tescoquakers"
59,"tescoreadybrek"
59,"tescosafeway"
59,"tescosafewaysainsburys"
59,"tescosafewaysomerfields"
59,"tescosain"
59,"tescosains"
59,"tescosainsbury"
59,"tescosainsburys"
59,"tescosainsburysluxury"
59,"tescosalpen"
59,"tescoskelloggs"
59,"tescosomerfield"
59,"tescosomerfield5"
59,"tescosomerfieldown"
59,"tescosorsainsbury"
59,"tescosorsainsburys"
59,"tescosquaker"
59,"tescossainsburys"
59,"tescoswissstyle"
59,"tescowaitrose"
59,"tescowaitrosesainsburys"
59,"tesssco"
59,"tesvo"
59,"thecheapest"
59,"therealthing"
59,"theysaylabelenclosed"
59,"tinnedwaitrose"
59,"trading"
59,"traidcroft"
59,"traidfair"
59,"tripleplea"
59,"triplepleaproducts"
59,"triplepleawholefoods"
59,"tsco"
59,"tseco"
59,"two"
59,"uaker"
59,"unbranded"
59,"unbrandedwholefoodshop"
59,"uncletobys"
59,"unknownhealthfoodshop"
59,"valley"
59,"value"
59,"valuetype"
59,"variedegtescoown"
59,"variedsupermarketsbrand"
59,"varietynoonetype"
59,"variousbrands"
59,"variousbrandslowsugar"
59,"variousdifferentbrands"
59,"varioushealthfoodshops"
59,"variousjordanscoop"
59,"variousmakes"
59,"variousmstescoetc"
59,"variousothers"
59,"varioussupermarket"
59,"varioustypes"
59,"veryrarelykelloggs"
59,"villageshopmix"
59,"waiatrose"
59,"waiteroseorsainsburys"
59,"waitluxury"
59,"waitrose"
59,"waitrosediet"
59,"waitroselabelbrand"
59,"waitroseluxuryorsains"
59,"waitrosemssafeway"
59,"waitrosenoaddedsalt"
59,"waitrosenoaddedsugar"
59,"waitroseorallison"
59,"waitroseorweetabix"
59,"waitroseown"
59,"waitroseownbrand"
59,"waitroseownmake"
59,"waitrosesains"
59,"waitrosetesco"
59,"waitrosetescojordans"
59,"waitrosetescomorrisons"
59,"waitrosetescosainsburys"
59,"waitsainschesjordan"
59,"wart"
59,"weetabixcompany"
59,"weetabixownbrand"
59,"weighandsave"
59,"weighandsaveloose"
59,"weighsave"
59,"weighsavegoodmorning"
59,"weighsaveorsmarketbr"
59,"weighsaveshop"
59,"weightwatcher"
59,"weightwatchers"
59,"weightwatchersheinz"
59,"welga"
59,"welgar"
59,"welgarnestle"
59,"welgarnestles"
59,"welgars"
59,"westlia"
59,"wh"
59,"whateverihve"
59,"wheatgermsoyabeanflake"
59,"wheetabixltd"
59,"whicheverorganic5"
59,"whitworth"
59,"wholefood"
59,"wholefoodloode"
59,"wholefoodloose"
59,"wholefoods"
59,"wholefoodshop"
59,"wholefoodshopbrand"
59,"wholefoodshopsown"
59,"wholefoodshopunbranded"
59,"wholefoodstore"
59,"wholefoodstoreown"
59,"wholefoodwarehouse"
59,"wholerolledoats"
59,"wholewheatcer"
59,"withalmondshazelnuts"
59,"withhoneyfruitnut"
59,"withraisinsalmonds"
59,"withsainsburys"
59,"withstrawberries"
59,"withtropicalfruits"
59,"ww"
